gene_id	n_exons	b	abs_b	type	
STRG.5861	2	-6.56447939	6.56447939	para	"Homo sapiens long intergenic non-protein coding RNA 2210 (LINC02210), transcript variant 5, long non-coding RNA"
STRG.12181	2	-5.67273413	5.67273413	holo	
STRG.12181	2	-5.579833106	5.579833106	mero	Peptide SMIM30 promotes HCC development by inducing SRC/YES1 membrane anchoring and MAPK pathway activation
STRG.4679	2	-5.456927674	5.456927674	holo	
STRG.2280	9	5.413725371	5.413725371	holo	-
STRG.4956	4	-5.404092636	5.404092636	holo	
STRG.8438	3	-5.36317708	5.36317708	holo	
STRG.7445	5	-5.321577978	5.321577978	para	-
STRG.1593	2	-5.289132364	5.289132364	holo	
STRG.5530	8	5.283988582	5.283988582	para	-
STRG.2932	2	-5.254972983	5.254972983	holo	
STRG.10863	2	-5.193050191	5.193050191	para	
STRG.4679	2	-5.192272193	5.192272193	holo	
STRG.2292	8	-5.128181149	5.128181149	holo	
STRG.10773	5	-4.932742008	4.932742008	holo	
STRG.10807	19	-4.932742008	4.932742008	holo	"Functional involvement of RINF, retinoid-inducible nuclear factor (CXXC5), in normal and tumoral human myelopoiesis"
STRG.3336	6	-4.919556031	4.919556031	holo	
STRG.2292	8	-4.880673116	4.880673116	holo	
STRG.6581	5	4.878643079	4.878643079	holo	Targeting the Vav1/miR29b axis as a potential approach for treating selected molecular subtypes of triplenegative breast cancer.
STRG.10177	16	-4.793584752	4.793584752	para	
STRG.13162	4	-4.788930336	4.788930336	mero	
STRG.10389	2	-4.767567	4.767567	para	
STRG.4980	3	4.758162641	4.758162641	mero	
STRG.10159	13	-4.727342229	4.727342229	holo	
STRG.5994	46	-4.660345692	4.660345692	para	
STRG.8239	3	4.648311467	4.648311467	holo	
STRG.11136	45	-4.526217827	4.526217827	holo	
STRG.12117	5	-4.477440862	4.477440862	holo	
STRG.3349	18	4.412804018	4.412804018	holo	
STRG.6581	5	-4.39106847	4.39106847	holo	
STRG.13765	7	4.38725047	4.38725047	holo	
STRG.4875	9	-4.34154484	4.34154484	para	
STRG.8239	3	-4.286979638	4.286979638	holo	
STRG.4679	2	-4.284202715	4.284202715	holo	
STRG.3580	2	-4.255826378	4.255826378	holo	
STRG.3349	18	4.197530446	4.197530446	para	
STRG.4980	3	4.185870675	4.185870675	holo	
STRG.7028	10	4.111310568	4.111310568	para	
STRG.4763	2	-4.098552676	4.098552676	holo	
STRG.10200	18	-4.039648153	4.039648153	para	
STRG.4875	9	-4.034134856	4.034134856	mero	
STRG.6055	4	-4.001248754	4.001248754	holo	
STRG.12756	14	3.966160931	3.966160931	para	
STRG.3397	1	3.871124302	3.871124302	para	
STRG.6568	1	3.839901708	3.839901708	holo	
STRG.13693	12	3.829032109	3.829032109	holo	
STRG.4145	4	-3.799346396	3.799346396	holo	
STRG.1638	1	-3.760974279	3.760974279	holo	
STRG.10807	19	-3.701992705	3.701992705	holo	
STRG.2751	1	-3.678613465	3.678613465	holo	
STRG.2513	9	-3.677566072	3.677566072	para	
STRG.12181	2	-3.666991791	3.666991791	mero	
STRG.12181	2	-3.66547971	3.66547971	holo	
STRG.372	2	-3.655025917	3.655025917	para	
STRG.1015	4	-3.640696366	3.640696366	holo	
STRG.13763	6	-3.609780475	3.609780475	para	
STRG.5994	46	-3.585852886	3.585852886	mero	
STRG.12727	17	-3.551805692	3.551805692	holo	
STRG.12757	4	-3.528462834	3.528462834	para	
STRG.3979	24	-3.502810303	3.502810303	holo	
STRG.12559	6	-3.499976781	3.499976781	holo	
STRG.9125	16	-3.435020197	3.435020197	holo	
STRG.8291	3	3.42089764	3.42089764	holo	
STRG.8175	14	-3.403615533	3.403615533	mero	
STRG.10838	24	-3.371129133	3.371129133	holo	
STRG.1015	4	-3.350108602	3.350108602	holo	
STRG.2751	1	-3.345237186	3.345237186	holo	
STRG.3249	44	-3.23182762	3.23182762	holo	
STRG.8749	15	3.202830205	3.202830205	para	
STRG.2916	15	-3.161110562	3.161110562	holo	
STRG.11490	22	3.153212266	3.153212266	holo	
STRG.3651	10	-3.146518457	3.146518457	holo	
STRG.1848	29	3.099839128	3.099839128	para	
STRG.11490	22	3.088577255	3.088577255	holo	
STRG.6341	2	-3.041805351	3.041805351	holo	
STRG.6162	2	-3.030433848	3.030433848	para	
STRG.6774	17	-3.004295762	3.004295762	holo	
STRG.4679	2	-2.980818474	2.980818474	para	
STRG.1828	8	2.972103098	2.972103098	para	
STRG.8989	4	2.960949201	2.960949201	para	
STRG.9293	7	-2.956310157	2.956310157	holo	
STRG.13595	2	-2.944518876	2.944518876	holo	
STRG.111	2	2.936357407	2.936357407	para	
STRG.13510	6	2.926988482	2.926988482	holo	
STRG.1845	2	-2.923645922	2.923645922	para	
STRG.10200	18	-2.888554877	2.888554877	para	
STRG.11490	22	-2.88422241	2.88422241	para	
STRG.6774	17	-2.882951353	2.882951353	holo	
STRG.10179	5	-2.880684192	2.880684192	holo	
STRG.3336	6	2.867894855	2.867894855	holo	
STRG.8989	4	2.855572737	2.855572737	mero	
STRG.111	2	2.804908023	2.804908023	holo	
STRG.11523	22	-2.798310032	2.798310032	mero	
STRG.6867	5	-2.796062392	2.796062392	para	
STRG.10934	39	-2.795353146	2.795353146	holo	
STRG.3331	12	2.77418655	2.77418655	holo	
STRG.10925	39	-2.772306795	2.772306795	para	
STRG.13763	6	-2.727338643	2.727338643	holo	
STRG.13121	6	-2.72078544	2.72078544	para	
STRG.13020	9	-2.719548414	2.719548414	mero	
STRG.1520	2	2.651885449	2.651885449	holo	
STRG.1542	4	2.651885449	2.651885449	holo	
STRG.10157	1	-2.631475944	2.631475944	para	
STRG.12961	15	-2.626416243	2.626416243	para	
STRG.372	2	2.625977078	2.625977078	holo	
STRG.3526	13	-2.615020573	2.615020573	holo	
STRG.5096	7	2.589614145	2.589614145	para	
STRG.6035	5	-2.580347382	2.580347382	holo	
STRG.6333	5	-2.580347382	2.580347382	holo	
STRG.1848	29	-2.57709095	2.57709095	holo	
STRG.4501	16	-2.544454681	2.544454681	para	
STRG.9807	2	-2.540892011	2.540892011	para	
STRG.13763	6	-2.532349433	2.532349433	holo	
STRG.6035	5	-2.53074111	2.53074111	para	
STRG.7740	11	-2.530726743	2.530726743	para	
STRG.13121	6	2.503918527	2.503918527	holo	
STRG.10200	18	2.497341894	2.497341894	holo	
STRG.8439	12	-2.496537383	2.496537383	para	
STRG.5492	11	-2.481074332	2.481074332	para	
STRG.1520	2	2.459482387	2.459482387	para	
STRG.1542	4	2.459482387	2.459482387	para	
STRG.6774	17	-2.420553789	2.420553789	holo	
STRG.8313	15	2.413735834	2.413735834	holo	
STRG.1658	4	-2.394259382	2.394259382	holo	
STRG.12499	3	-2.389177049	2.389177049	para	
STRG.12921	3	-2.389177049	2.389177049	para	
STRG.1981	13	2.373464461	2.373464461	holo	
STRG.7445	5	2.350672501	2.350672501	holo	
STRG.2974	9	-2.330185993	2.330185993	holo	
STRG.5991	41	-2.328488187	2.328488187	para	
STRG.6333	5	-2.328488187	2.328488187	para	
STRG.6341	2	-2.328488187	2.328488187	para	
STRG.13667	2	2.323874291	2.323874291	holo	
STRG.6341	2	-2.312710145	2.312710145	para	
STRG.5991	41	-2.312692595	2.312692595	para	
STRG.6333	5	-2.312692595	2.312692595	para	
STRG.6341	2	-2.312692595	2.312692595	para	
STRG.8825	2	-2.308654108	2.308654108	para	
STRG.1828	8	2.302621518	2.302621518	mero	
STRG.12961	15	-2.267001025	2.267001025	holo	
STRG.12499	3	2.266424504	2.266424504	holo	
STRG.12921	3	2.266424504	2.266424504	holo	
STRG.1543	7	2.246563618	2.246563618	para	
STRG.1546	4	2.246563618	2.246563618	para	
STRG.1828	8	2.237510788	2.237510788	holo	
STRG.4679	2	-2.188310673	2.188310673	holo	
STRG.7933	2	-2.1861778	2.1861778	holo	
STRG.1845	2	-2.184874696	2.184874696	para	
STRG.1658	4	2.184296327	2.184296327	para	
STRG.1845	2	2.154839145	2.154839145	holo	
STRG.2708	2	-2.154340226	2.154340226	para	
STRG.11107	39	-2.145646579	2.145646579	holo	
STRG.13690	3	-2.135823915	2.135823915	holo	
STRG.3671	2	-2.131042538	2.131042538	holo	
STRG.5862	14	2.129998269	2.129998269	para	
STRG.13595	2	-2.12364783	2.12364783	mero	
STRG.2751	1	-2.105857539	2.105857539	mero	
STRG.3979	24	-2.094181278	2.094181278	para	
STRG.4145	4	-2.087363448	2.087363448	holo	
STRG.10933	16	2.078561293	2.078561293	holo	
STRG.1845	2	-2.047473603	2.047473603	para	
STRG.13367	6	-2.036444616	2.036444616	mero	
STRG.13395	9	-2.036444616	2.036444616	mero	
STRG.1845	2	-2.033455709	2.033455709	para	
STRG.8439	12	2.029975179	2.029975179	holo	
STRG.13763	6	2.021052021	2.021052021	para	
STRG.11490	22	-1.998924591	1.998924591	holo	
STRG.7006	13	-1.998090262	1.998090262	para	
STRG.7006	13	-1.998090262	1.998090262	para	
STRG.7210	4	-1.998090262	1.998090262	para	
STRG.5994	46	1.988112407	1.988112407	holo	
STRG.7916	4	-1.97609557	1.97609557	holo	
STRG.5861	2	1.966539835	1.966539835	holo	
STRG.9605	3	-1.942982386	1.942982386	holo	
STRG.11107	39	-1.933717621	1.933717621	para	
STRG.12695	24	-1.931485365	1.931485365	holo	
STRG.12985	7	-1.931485365	1.931485365	holo	
STRG.13207	14	-1.931485365	1.931485365	holo	
STRG.2788	6	-1.924646188	1.924646188	holo	
STRG.6341	2	-1.919699709	1.919699709	para	
STRG.10743	6	-1.910631197	1.910631197	holo	
STRG.13693	12	1.904088751	1.904088751	holo	
STRG.9186	3	-1.893288317	1.893288317	holo	
STRG.13367	6	-1.87327158	1.87327158	holo	
STRG.13395	9	-1.87327158	1.87327158	holo	
STRG.12758	4	-1.865504648	1.865504648	holo	
STRG.1845	2	1.85817495	1.85817495	holo	
STRG.7740	11	1.855716506	1.855716506	holo	
STRG.1845	2	-1.853339459	1.853339459	para	
STRG.3117	4	1.851528453	1.851528453	para	
STRG.12299	8	-1.851341486	1.851341486	holo	
STRG.13121	6	-1.849941708	1.849941708	para	
STRG.13270	26	1.844433737	1.844433737	para	
STRG.13763	6	1.844433737	1.844433737	para	
STRG.13693	12	1.821894413	1.821894413	holo	
STRG.11895	4	-1.809988516	1.809988516	holo	
STRG.11490	22	-1.801004662	1.801004662	holo	
STRG.7332	5	-1.794588456	1.794588456	holo	
STRG.2926	8	1.783950789	1.783950789	holo	
STRG.1845	2	1.774086703	1.774086703	holo	
STRG.10838	24	-1.76411346	1.76411346	holo	
STRG.13142	12	-1.757984486	1.757984486	holo	
STRG.13763	6	-1.753064724	1.753064724	mero	
STRG.13060	16	1.750278034	1.750278034	holo	
STRG.10807	19	-1.7481788	1.7481788	holo	
STRG.3359	8	-1.740019055	1.740019055	holo	
STRG.2751	1	-1.73582413	1.73582413	mero	
STRG.4679	2	-1.72942456	1.72942456	holo	
STRG.10948	41	1.725441391	1.725441391	holo	
STRG.13763	6	1.720857744	1.720857744	para	
STRG.13652	2	-1.719514565	1.719514565	para	
STRG.11895	4	-1.713058397	1.713058397	para	
STRG.12414	4	-1.707787784	1.707787784	para	
STRG.7184	20	-1.684077162	1.684077162	holo	
STRG.1845	2	1.680404062	1.680404062	holo	
STRG.12727	17	-1.674344472	1.674344472	holo	
STRG.13693	12	-1.668550529	1.668550529	para	
STRG.13693	12	1.667610901	1.667610901	holo	
STRG.6298	9	-1.649432055	1.649432055	holo	
STRG.8029	3	-1.646314206	1.646314206	holo	
STRG.10446	12	1.644046322	1.644046322	mero	
STRG.10446	12	-1.64375306	1.64375306	holo	
STRG.1845	2	-1.637944597	1.637944597	para	
STRG.1845	2	1.628764915	1.628764915	holo	
STRG.4399	6	1.621674438	1.621674438	holo	
STRG.4410	2	1.621674438	1.621674438	holo	
STRG.3117	4	-1.611628253	1.611628253	holo	
STRG.10948	41	1.609596888	1.609596888	para	
STRG.8015	3	1.598592273	1.598592273	holo	
STRG.4410	2	-1.590482124	1.590482124	holo	
STRG.13700	4	-1.581254925	1.581254925	holo	
STRG.13693	12	1.561645183	1.561645183	holo	
STRG.4679	2	-1.550686815	1.550686815	mero	
STRG.3117	4	-1.535787148	1.535787148	holo	
STRG.10934	39	1.530100172	1.530100172	para	
STRG.11191	12	-1.505298013	1.505298013	para	
STRG.6337	3	1.498453121	1.498453121	para	
STRG.2554	24	1.496507291	1.496507291	para	
STRG.10807	19	1.495179972	1.495179972	para	
STRG.6758	2	-1.49170331	1.49170331	holo	
STRG.6758	2	-1.49170331	1.49170331	holo	
STRG.13693	12	-1.488543583	1.488543583	para	
STRG.6758	2	-1.486958528	1.486958528	holo	
STRG.6758	2	-1.486958528	1.486958528	holo	
STRG.7907	2	-1.475792416	1.475792416	holo	
STRG.8434	36	-1.450922622	1.450922622	holo	
STRG.8964	18	-1.450922622	1.450922622	holo	
STRG.8291	3	-1.450423842	1.450423842	mero	
STRG.9899	11	-1.443635732	1.443635732	para	
STRG.7474	62	-1.443029472	1.443029472	para	
STRG.11895	4	1.438130954	1.438130954	holo	
STRG.5803	12	1.436692477	1.436692477	para	
STRG.10179	5	1.413156556	1.413156556	holo	
STRG.12695	24	1.411051438	1.411051438	holo	
STRG.6574	3	-1.407249292	1.407249292	holo	
STRG.7474	62	1.405424061	1.405424061	holo	
STRG.5082	23	-1.403731461	1.403731461	para	
STRG.12559	6	-1.401568347	1.401568347	para	
STRG.8313	15	-1.393326791	1.393326791	para	
STRG.9293	7	-1.387248251	1.387248251	holo	
STRG.6867	5	-1.385244208	1.385244208	holo	
STRG.870	5	1.380713297	1.380713297	holo	
STRG.10159	13	1.37858224	1.37858224	holo	
STRG.7740	11	-1.37719355	1.37719355	holo	
STRG.8175	14	-1.37719355	1.37719355	holo	
STRG.13310	26	-1.358193332	1.358193332	holo	
STRG.12758	4	-1.330339051	1.330339051	holo	
STRG.13049	2	1.324876411	1.324876411	holo	
STRG.5862	14	1.319928413	1.319928413	para	
STRG.6568	1	1.307593603	1.307593603	holo	
STRG.11895	4	-1.305302206	1.305302206	para	
STRG.3575	19	-1.289630914	1.289630914	holo	
STRG.13066	3	-1.287264369	1.287264369	mero	
STRG.13111	32	-1.287264369	1.287264369	mero	
STRG.11490	22	-1.285525403	1.285525403	holo	
STRG.13652	2	1.284915562	1.284915562	para	
STRG.2420	6	-1.282253502	1.282253502	holo	
STRG.3219	6	-1.280148109	1.280148109	holo	
STRG.3334	4	-1.268087398	1.268087398	holo	
STRG.4679	2	-1.263910024	1.263910024	holo	
STRG.13693	12	-1.262592849	1.262592849	para	
STRG.7742	2	1.262188416	1.262188416	para	
STRG.3249	44	-1.261404926	1.261404926	holo	
STRG.3347	12	-1.261404926	1.261404926	holo	
STRG.3347	12	-1.261404926	1.261404926	holo	
STRG.3697	7	-1.259686515	1.259686515	holo	
STRG.1845	2	1.243213866	1.243213866	para	
STRG.4954	2	1.242604693	1.242604693	para	
STRG.5082	23	1.242604693	1.242604693	para	
STRG.13066	3	-1.235657937	1.235657937	mero	
STRG.13111	32	-1.235657937	1.235657937	mero	
STRG.10828	38	-1.226016954	1.226016954	para	
STRG.2088	13	-1.217918696	1.217918696	holo	
STRG.5888	12	-1.215797785	1.215797785	para	
STRG.2420	6	-1.206366906	1.206366906	holo	
STRG.10948	41	1.206031555	1.206031555	holo	
STRG.8175	14	-1.201411402	1.201411402	holo	
STRG.9945	10	-1.195835695	1.195835695	para	
STRG.2982	8	-1.189865778	1.189865778	para	
STRG.2708	2	1.189551674	1.189551674	holo	
STRG.1638	1	1.183657474	1.183657474	holo	
STRG.1658	4	1.183657474	1.183657474	holo	
STRG.1399	30	-1.180884504	1.180884504	para	
STRG.1438	2	-1.180884504	1.180884504	para	
STRG.3697	7	-1.177358564	1.177358564	holo	
STRG.8434	36	-1.17460056	1.17460056	holo	
STRG.8964	18	-1.17460056	1.17460056	holo	
STRG.1845	2	1.16664131	1.16664131	holo	
STRG.8099	11	-1.165228299	1.165228299	holo	
STRG.7490	7	-1.158629939	1.158629939	holo	
STRG.6860	17	-1.156944361	1.156944361	holo	
STRG.8731	3	1.155390831	1.155390831	holo	
STRG.9093	4	1.155390831	1.155390831	holo	
STRG.3347	12	-1.153373444	1.153373444	holo	
STRG.8439	12	-1.15250174	1.15250174	holo	
STRG.9950	6	1.151590565	1.151590565	holo	
STRG.8858	3	1.150307162	1.150307162	holo	
STRG.9093	4	1.150307162	1.150307162	holo	
STRG.11329	4	1.149566547	1.149566547	mero	
STRG.1438	2	1.145609791	1.145609791	holo	
STRG.1520	2	1.145609791	1.145609791	holo	
STRG.1542	4	1.145609791	1.145609791	holo	
STRG.4679	2	-1.144748107	1.144748107	para	
STRG.3117	4	-1.14444473	1.14444473	holo	
STRG.2554	24	-1.143858107	1.143858107	holo	
STRG.12822	7	-1.143111113	1.143111113	para	
STRG.7490	7	-1.139067654	1.139067654	holo	
STRG.12757	4	-1.136658936	1.136658936	holo	
STRG.1543	7	1.135801747	1.135801747	para	
STRG.1546	4	1.135801747	1.135801747	para	
STRG.4679	2	-1.132332213	1.132332213	mero	
STRG.1486	2	-1.130952964	1.130952964	mero	
STRG.3359	8	-1.12811752	1.12811752	holo	
STRG.3466	24	-1.12811752	1.12811752	holo	
STRG.11191	12	1.127762171	1.127762171	holo	
STRG.10887	23	1.127583484	1.127583484	para	
STRG.1546	4	-1.125679774	1.125679774	holo	
STRG.8112	8	1.12309472	1.12309472	holo	
STRG.1589	22	-1.110928415	1.110928415	holo	
STRG.1629	10	-1.110928415	1.110928415	holo	
STRG.6758	2	-1.108752972	1.108752972	mero	
STRG.6758	2	-1.108752972	1.108752972	mero	
STRG.4145	4	1.107878525	1.107878525	holo	
STRG.13310	26	-1.091639769	1.091639769	para	
STRG.1399	30	1.091226606	1.091226606	holo	
STRG.1543	7	1.090054386	1.090054386	mero	
STRG.1546	4	1.090054386	1.090054386	mero	
STRG.6574	3	-1.085891239	1.085891239	mero	
STRG.4679	2	1.085046981	1.085046981	para	
STRG.13049	2	-1.083387671	1.083387671	holo	
STRG.7907	2	-1.081500114	1.081500114	holo	
STRG.431	13	1.079458146	1.079458146	para	
STRG.1543	7	1.079049819	1.079049819	holo	
STRG.1546	4	1.079049819	1.079049819	holo	
STRG.5934	30	-1.075854657	1.075854657	holo	
STRG.10626	6	1.075640589	1.075640589	holo	
STRG.374	3	-1.072669582	1.072669582	para	
STRG.400	18	-1.072669582	1.072669582	para	
STRG.13039	6	1.061105481	1.061105481	holo	
STRG.3580	2	-1.059861817	1.059861817	mero	
STRG.11986	3	-1.059344932	1.059344932	holo	
STRG.12538	12	-1.059344932	1.059344932	holo	
STRG.6758	2	-1.054025956	1.054025956	holo	
STRG.6758	2	-1.054025956	1.054025956	holo	
STRG.8028	4	-1.053638735	1.053638735	holo	
STRG.8319	6	-1.053638735	1.053638735	holo	
STRG.11490	22	-1.044993336	1.044993336	holo	
STRG.7907	2	-1.044957949	1.044957949	holo	
STRG.12869	6	-1.041808122	1.041808122	para	
STRG.12499	3	-1.041659191	1.041659191	para	
STRG.11384	2	-1.037398446	1.037398446	holo	
STRG.11523	22	-1.037398446	1.037398446	holo	
STRG.9193	28	1.036748263	1.036748263	holo	
STRG.12858	4	-1.036200671	1.036200671	holo	
STRG.12661	4	-1.035239137	1.035239137	para	
STRG.4679	2	-1.030507974	1.030507974	mero	
STRG.3117	4	1.029690181	1.029690181	para	
STRG.5764	2	1.028407551	1.028407551	holo	
STRG.6337	3	-1.027710832	1.027710832	holo	
STRG.4145	4	1.024405749	1.024405749	holo	
STRG.8438	3	1.021847791	1.021847791	holo	
STRG.12229	30	1.018931452	1.018931452	para	
STRG.4980	3	-1.017412502	1.017412502	holo	
STRG.1700	4	1.016421688	1.016421688	holo	
STRG.3526	13	-1.013119621	1.013119621	holo	
STRG.10810	5	1.012785163	1.012785163	para	
STRG.10807	19	1.009911605	1.009911605	para	
STRG.9899	11	1.005727568	1.005727568	holo	
STRG.13321	6	-1.003991166	1.003991166	holo	
STRG.11895	4	-1.002549165	1.002549165	para	
STRG.8749	15	-1.001358969	1.001358969	para	
STRG.8825	2	-1.001358969	1.001358969	para	
STRG.9238	38	-1.001358969	1.001358969	para	
STRG.5643	2	1.000318221	1.000318221	holo	
STRG.10177	16	0.996166765	0.996166765	holo	
STRG.6419	16	-0.995598656	0.995598656	para	
STRG.6860	17	-0.99419822	0.99419822	holo	
STRG.9899	11	0.994061089	0.994061089	holo	
STRG.11490	22	-0.994058859	0.994058859	mero	
STRG.6867	5	0.993618139	0.993618139	holo	
STRG.7264	3	0.993618139	0.993618139	holo	
STRG.9293	7	-0.990981837	0.990981837	holo	
STRG.13187	12	-0.984852019	0.984852019	para	
STRG.10179	5	0.984686608	0.984686608	holo	
STRG.12695	24	0.982990417	0.982990417	mero	
STRG.8159	10	-0.978316705	0.978316705	holo	
STRG.2974	9	-0.974798708	0.974798708	para	
STRG.2088	13	-0.971050666	0.971050666	mero	
STRG.12661	4	-0.969974926	0.969974926	para	
STRG.638	16	0.969908055	0.969908055	holo	
STRG.12567	5	0.966844304	0.966844304	para	
STRG.7611	3	0.965220833	0.965220833	para	
STRG.7432	5	-0.962305968	0.962305968	para	
STRG.11149	4	-0.960716646	0.960716646	para	
STRG.6839	2	0.955630348	0.955630348	holo	
STRG.12661	4	-0.953356177	0.953356177	para	
STRG.8779	3	0.953185377	0.953185377	holo	
STRG.9677	17	-0.951587879	0.951587879	mero	
STRG.7933	2	0.949070631	0.949070631	para	
STRG.1593	2	0.947267412	0.947267412	holo	
STRG.822	13	0.945916339	0.945916339	holo	
STRG.12239	3	-0.945332708	0.945332708	para	
STRG.13006	2	-0.945332708	0.945332708	para	
STRG.7490	7	0.943352419	0.943352419	para	
STRG.13310	26	-0.942281071	0.942281071	mero	
STRG.1848	29	-0.940757679	0.940757679	holo	
STRG.11490	22	-0.940070159	0.940070159	para	
STRG.10626	6	-0.939929973	0.939929973	para	
STRG.7933	2	0.938898886	0.938898886	para	
STRG.7933	2	0.938898886	0.938898886	para	
STRG.13628	2	0.933568435	0.933568435	para	
STRG.2788	6	0.931417684	0.931417684	holo	
STRG.4096	12	0.929259036	0.929259036	para	
STRG.5764	2	0.928584979	0.928584979	holo	
STRG.12756	14	-0.927700875	0.927700875	para	
STRG.12858	4	-0.927700875	0.927700875	para	
STRG.4679	2	-0.926401169	0.926401169	holo	
STRG.12428	17	-0.924385716	0.924385716	holo	
STRG.6574	3	-0.923334731	0.923334731	holo	
STRG.13693	12	0.920543341	0.920543341	holo	
STRG.4679	2	-0.917410612	0.917410612	holo	
STRG.1797	2	-0.917318919	0.917318919	holo	
STRG.3697	7	-0.916260814	0.916260814	para	
STRG.6630	14	-0.90988055	0.90988055	holo	
STRG.7560	2	0.908425784	0.908425784	holo	
STRG.13652	2	-0.908032968	0.908032968	para	
STRG.10441	13	0.907991015	0.907991015	holo	
STRG.13693	12	-0.905417671	0.905417671	para	
STRG.12858	4	0.904738714	0.904738714	para	
STRG.10948	41	0.90079653	0.90079653	holo	
STRG.6574	3	-0.900295543	0.900295543	holo	
STRG.3697	7	-0.899372358	0.899372358	holo	
STRG.7611	3	0.898442487	0.898442487	para	
STRG.13693	12	-0.898099734	0.898099734	para	
STRG.9677	17	-0.897475143	0.897475143	para	
STRG.3249	44	0.8919618	0.8919618	holo	
STRG.10810	5	-0.891080471	0.891080471	holo	
STRG.4679	2	-0.889299657	0.889299657	holo	
STRG.6698	2	-0.888036249	0.888036249	para	
STRG.8825	2	-0.886536953	0.886536953	para	
STRG.4953	4	-0.88609323	0.88609323	para	
STRG.2420	6	-0.885778609	0.885778609	para	
STRG.6581	5	0.885712837	0.885712837	holo	
STRG.12116	30	-0.88446993	0.88446993	holo	
STRG.506	3	-0.883937472	0.883937472	holo	
STRG.12758	4	-0.883844167	0.883844167	holo	
STRG.12695	24	0.883276042	0.883276042	para	
STRG.12985	7	0.883276042	0.883276042	para	
STRG.13207	14	0.883276042	0.883276042	para	
STRG.1486	2	0.882741911	0.882741911	para	
STRG.1543	7	-0.877786894	0.877786894	holo	
STRG.2554	24	-0.870024796	0.870024796	mero	
STRG.5413	8	-0.869644673	0.869644673	holo	
STRG.3249	44	-0.868932549	0.868932549	holo	
STRG.5888	12	0.868037296	0.868037296	holo	
STRG.400	18	0.864667528	0.864667528	para	
STRG.2003	34	-0.863048696	0.863048696	para	
STRG.13049	2	0.862183386	0.862183386	para	
STRG.13066	3	-0.861881194	0.861881194	holo	
STRG.13187	12	-0.861881194	0.861881194	holo	
STRG.10859	38	-0.861247588	0.861247588	para	
STRG.5934	30	-0.859643691	0.859643691	holo	
STRG.5096	7	0.859048231	0.859048231	holo	
STRG.11384	2	-0.858259575	0.858259575	para	
STRG.11523	22	-0.858259575	0.858259575	para	
STRG.373	2	0.856164921	0.856164921	para	
STRG.373	2	0.856164921	0.856164921	para	
STRG.382	18	0.856164921	0.856164921	para	
STRG.11895	4	0.855844024	0.855844024	holo	
STRG.5934	30	0.855139623	0.855139623	para	
STRG.12756	14	0.852808076	0.852808076	holo	
STRG.12822	7	0.852808076	0.852808076	holo	
STRG.13690	3	0.851882129	0.851882129	holo	
STRG.5096	7	0.838714224	0.838714224	mero	
STRG.4980	3	-0.835621549	0.835621549	holo	
STRG.5643	2	-0.83133849	0.83133849	para	
STRG.3359	8	-0.829901523	0.829901523	mero	
STRG.3466	24	-0.829901523	0.829901523	mero	
STRG.7742	2	0.826315186	0.826315186	para	
STRG.4679	2	-0.825438969	0.825438969	mero	
STRG.1015	4	-0.823123931	0.823123931	holo	
STRG.4894	2	0.822713889	0.822713889	holo	
STRG.6131	4	-0.820386137	0.820386137	holo	
STRG.3489	4	-0.816735537	0.816735537	holo	
STRG.7611	3	0.815479009	0.815479009	para	
STRG.2769	11	0.810604515	0.810604515	holo	
STRG.2974	9	-0.810033399	0.810033399	holo	
STRG.11329	4	0.809990548	0.809990548	para	
STRG.1659	30	0.809815848	0.809815848	para	
STRG.7490	7	0.805893134	0.805893134	para	
STRG.9361	11	-0.804135551	0.804135551	para	
STRG.11490	22	-0.803971691	0.803971691	holo	
STRG.372	2	0.802217287	0.802217287	para	
STRG.372	2	0.802217287	0.802217287	para	
STRG.2554	24	0.801147795	0.801147795	para	
STRG.431	13	-0.798541622	0.798541622	para	
STRG.4894	2	0.797708039	0.797708039	para	
STRG.4969	5	0.797708039	0.797708039	para	
STRG.2263	31	-0.796799829	0.796799829	holo	
STRG.2292	8	-0.796799829	0.796799829	holo	
STRG.5986	29	0.791987824	0.791987824	para	
STRG.8015	3	-0.789892963	0.789892963	para	
STRG.7028	10	-0.786247334	0.786247334	holo	
STRG.7370	2	-0.786247334	0.786247334	holo	
STRG.7432	5	-0.786247334	0.786247334	holo	
STRG.7370	2	-0.785992061	0.785992061	para	
STRG.13066	3	-0.785064512	0.785064512	holo	
STRG.13187	12	-0.785064512	0.785064512	holo	
STRG.6317	4	-0.778427595	0.778427595	para	
STRG.7006	13	-0.776643274	0.776643274	holo	
STRG.8731	3	0.776553839	0.776553839	holo	
STRG.9093	4	0.776553839	0.776553839	holo	
STRG.4679	2	-0.771668805	0.771668805	mero	
STRG.5413	8	-0.767468073	0.767468073	para	
STRG.4949	10	-0.765514701	0.765514701	holo	
STRG.3659	9	-0.761751012	0.761751012	holo	
STRG.2788	6	0.761516111	0.761516111	holo	
STRG.12567	5	-0.760940534	0.760940534	para	
STRG.12985	7	-0.760940534	0.760940534	para	
STRG.8731	3	0.760913032	0.760913032	mero	
STRG.9093	4	0.760913032	0.760913032	mero	
STRG.2554	24	-0.759854631	0.759854631	holo	
STRG.3697	7	-0.759626949	0.759626949	holo	
STRG.9605	3	-0.758967881	0.758967881	para	
STRG.9367	20	-0.755730738	0.755730738	para	
STRG.374	3	-0.75370514	0.75370514	para	
STRG.1981	13	-0.752857375	0.752857375	para	
STRG.6860	17	-0.752588935	0.752588935	para	
STRG.12567	5	0.75111822	0.75111822	holo	
STRG.3575	19	0.751017231	0.751017231	para	
STRG.10933	16	0.750894195	0.750894195	holo	
STRG.3347	12	-0.750587854	0.750587854	holo	
STRG.3397	1	-0.750587854	0.750587854	holo	
STRG.2698	16	-0.749414723	0.749414723	holo	
STRG.2708	2	-0.748918377	0.748918377	holo	
STRG.2769	11	-0.748918377	0.748918377	holo	
STRG.7184	20	-0.748769265	0.748769265	mero	
STRG.4902	7	-0.747216556	0.747216556	holo	
STRG.13765	7	0.747029804	0.747029804	para	
STRG.927	7	-0.740291216	0.740291216	para	
STRG.9293	7	0.740149842	0.740149842	holo	
STRG.9367	20	-0.739640666	0.739640666	holo	
STRG.6568	1	0.738118573	0.738118573	para	
STRG.12857	7	0.73473408	0.73473408	para	
STRG.193	8	0.734441806	0.734441806	holo	
STRG.12933	14	-0.733729331	0.733729331	holo	
STRG.1543	7	-0.73286549	0.73286549	para	
STRG.5096	7	0.732825634	0.732825634	para	
STRG.927	7	0.732802752	0.732802752	para	
STRG.4949	10	0.732536447	0.732536447	para	
STRG.2263	31	-0.730768298	0.730768298	holo	
STRG.2292	8	-0.730768298	0.730768298	holo	
STRG.10446	12	0.716557027	0.716557027	holo	
STRG.10316	7	-0.713735995	0.713735995	para	
STRG.7490	7	-0.713128093	0.713128093	holo	
STRG.11030	31	0.712940818	0.712940818	para	
STRG.12974	7	-0.711550898	0.711550898	holo	
STRG.13111	32	-0.711550898	0.711550898	holo	
STRG.7210	4	0.710262097	0.710262097	holo	
STRG.3697	7	-0.70736694	0.70736694	holo	
STRG.373	2	0.70641184	0.70641184	holo	
STRG.373	2	0.70641184	0.70641184	holo	
STRG.382	18	0.70641184	0.70641184	holo	
STRG.12755	3	-0.704471083	0.704471083	para	
STRG.13346	13	-0.704471083	0.704471083	para	
STRG.1486	2	-0.702212868	0.702212868	holo	
STRG.638	16	-0.70115983	0.70115983	holo	
STRG.2759	3	-0.7003295	0.7003295	holo	
STRG.2926	8	-0.7003295	0.7003295	holo	
STRG.1399	30	0.699815032	0.699815032	para	
STRG.1399	30	0.699815032	0.699815032	para	
STRG.1455	2	0.699815032	0.699815032	para	
STRG.1520	2	0.699815032	0.699815032	para	
STRG.7332	5	-0.69757035	0.69757035	para	
STRG.13111	32	-0.697397956	0.697397956	holo	
STRG.10869	32	0.694953011	0.694953011	para	
STRG.5962	8	0.694935093	0.694935093	para	
STRG.5764	2	-0.694865101	0.694865101	holo	
STRG.7264	3	-0.691558084	0.691558084	mero	
STRG.1542	4	-0.691076218	0.691076218	para	
STRG.3659	9	0.688832619	0.688832619	holo	
STRG.12858	4	-0.687611297	0.687611297	holo	
STRG.3430	9	-0.686016924	0.686016924	holo	
STRG.2926	8	-0.685503042	0.685503042	holo	
STRG.3413	1	-0.684886217	0.684886217	para	
STRG.2926	8	-0.682964095	0.682964095	holo	
STRG.9125	16	-0.682118375	0.682118375	para	
STRG.5962	8	0.679120299	0.679120299	holo	
STRG.9097	2	0.679098617	0.679098617	holo	
STRG.12756	14	-0.678345378	0.678345378	holo	
STRG.12858	4	-0.678345378	0.678345378	holo	
STRG.1486	2	-0.677305325	0.677305325	holo	
STRG.5986	29	-0.676401154	0.676401154	para	
STRG.711	13	-0.67439879	0.67439879	holo	
STRG.1848	29	0.673718185	0.673718185	mero	
STRG.5984	32	0.672874808	0.672874808	para	
STRG.9132	5	-0.67264361	0.67264361	para	
STRG.9677	17	-0.67264361	0.67264361	para	
STRG.4146	4	-0.669138704	0.669138704	para	
STRG.4220	5	-0.669138704	0.669138704	para	
STRG.8858	3	0.666298827	0.666298827	holo	
STRG.7861	2	-0.666169231	0.666169231	para	
STRG.8313	15	-0.666169231	0.666169231	para	
STRG.13700	4	0.665050336	0.665050336	para	
STRG.7474	62	-0.664604593	0.664604593	holo	
STRG.3249	44	-0.662489589	0.662489589	holo	
STRG.3347	12	-0.662489589	0.662489589	holo	
STRG.3347	12	-0.662489589	0.662489589	holo	
STRG.3334	4	0.661758367	0.661758367	para	
STRG.2263	31	-0.660982288	0.660982288	holo	
STRG.2292	8	-0.660982288	0.660982288	holo	
STRG.3249	44	-0.659108445	0.659108445	holo	
STRG.3336	6	-0.6583904	0.6583904	holo	
STRG.2554	24	-0.657233618	0.657233618	holo	
STRG.3005	11	-0.657084504	0.657084504	holo	
STRG.9165	5	-0.652959436	0.652959436	para	
STRG.13060	16	0.649336749	0.649336749	holo	
STRG.2982	8	-0.649310722	0.649310722	holo	
STRG.870	5	0.648452152	0.648452152	holo	
STRG.8439	12	-0.646990599	0.646990599	holo	
STRG.870	5	0.64668498	0.64668498	para	
STRG.3766	2	-0.643524292	0.643524292	holo	
STRG.3766	2	-0.643524292	0.643524292	holo	
STRG.12567	5	-0.643306093	0.643306093	holo	
STRG.3671	2	-0.638699853	0.638699853	holo	
STRG.7611	3	0.638582095	0.638582095	holo	
STRG.8031	1	0.638582095	0.638582095	holo	
STRG.3335	4	0.63728688	0.63728688	para	
STRG.1629	10	0.634189671	0.634189671	para	
STRG.3577	25	-0.633812338	0.633812338	holo	
STRG.13700	4	-0.63302612	0.63302612	holo	
STRG.6298	9	0.632678609	0.632678609	holo	
STRG.6498	11	0.632678609	0.632678609	holo	
STRG.2788	6	0.632581834	0.632581834	para	
STRG.3671	2	-0.631667954	0.631667954	holo	
STRG.3671	2	-0.631667954	0.631667954	holo	
STRG.1659	30	-0.630371385	0.630371385	holo	
STRG.12239	3	0.627509578	0.627509578	holo	
STRG.12961	15	0.627509578	0.627509578	holo	
STRG.13006	2	0.627509578	0.627509578	holo	
STRG.10810	5	0.626390457	0.626390457	holo	
STRG.13142	12	-0.626081125	0.626081125	holo	
STRG.13798	18	-0.626081125	0.626081125	holo	
STRG.870	5	-0.625639822	0.625639822	holo	
STRG.870	5	-0.624334086	0.624334086	para	
STRG.1658	4	0.623026396	0.623026396	holo	
STRG.3413	1	-0.621379508	0.621379508	holo	
STRG.3335	4	-0.619815913	0.619815913	holo	
STRG.2490	3	-0.618947266	0.618947266	mero	
STRG.2708	2	-0.618286776	0.618286776	holo	
STRG.9097	2	0.616057548	0.616057548	mero	
STRG.9739	3	0.615519665	0.615519665	holo	
STRG.11523	22	0.614974881	0.614974881	holo	
STRG.11030	31	-0.613199687	0.613199687	holo	
STRG.7264	3	0.610870265	0.610870265	para	
STRG.4410	2	-0.610490167	0.610490167	holo	
STRG.9149	4	-0.610334476	0.610334476	para	
STRG.2666	15	-0.608569441	0.608569441	holo	
STRG.7370	2	-0.607875209	0.607875209	holo	
STRG.10243	8	-0.606823302	0.606823302	holo	
STRG.13039	6	-0.605415852	0.605415852	holo	
STRG.13187	12	-0.605415852	0.605415852	holo	
STRG.10177	16	-0.60335415	0.60335415	holo	
STRG.1593	2	0.603308588	0.603308588	para	
STRG.12567	5	-0.597909396	0.597909396	mero	
STRG.8313	15	-0.596834536	0.596834536	para	
STRG.8854	3	-0.596834536	0.596834536	para	
STRG.3525	5	0.595209982	0.595209982	para	
STRG.3697	7	0.595209982	0.595209982	para	
STRG.13020	9	0.593924542	0.593924542	holo	
STRG.9308	3	-0.593872825	0.593872825	para	
STRG.8239	3	-0.592542523	0.592542523	holo	
STRG.2513	9	-0.59110833	0.59110833	holo	
STRG.12428	17	0.590438098	0.590438098	para	
STRG.7370	2	-0.589498053	0.589498053	para	
STRG.13310	26	0.589327571	0.589327571	holo	
STRG.3489	4	0.588690565	0.588690565	para	
STRG.1828	8	-0.588323477	0.588323477	holo	
STRG.1907	4	-0.588323477	0.588323477	holo	
STRG.11014	33	0.588317474	0.588317474	para	
STRG.11683	3	0.582738456	0.582738456	holo	
STRG.13763	6	-0.582349346	0.582349346	para	
STRG.9238	38	-0.58147366	0.58147366	para	
STRG.3042	16	-0.581181252	0.581181252	holo	
STRG.3176	3	-0.581181252	0.581181252	holo	
STRG.8029	3	0.573097547	0.573097547	para	
STRG.7861	2	-0.571370653	0.571370653	holo	
STRG.9950	6	0.571362313	0.571362313	holo	
STRG.12774	31	0.57041082	0.57041082	holo	
STRG.8239	3	0.569263384	0.569263384	para	
STRG.3336	6	-0.566652727	0.566652727	holo	
STRG.4990	39	-0.5655084	0.5655084	holo	
STRG.13018	4	0.5649028	0.5649028	holo	
STRG.10016	2	-0.563317003	0.563317003	holo	
STRG.11683	3	0.562408016	0.562408016	para	
STRG.7393	8	-0.561206924	0.561206924	para	
STRG.13018	4	-0.559344672	0.559344672	holo	
STRG.3864	4	-0.558674317	0.558674317	holo	
STRG.1658	4	0.557340436	0.557340436	mero	
STRG.1708	138	0.557340436	0.557340436	mero	
STRG.12499	3	0.555733613	0.555733613	para	
STRG.3117	4	-0.552304441	0.552304441	holo	
STRG.1732	5	0.551411927	0.551411927	holo	
STRG.6337	3	0.547228799	0.547228799	para	
STRG.3577	25	-0.545990025	0.545990025	holo	
STRG.6839	2	0.54233573	0.54233573	mero	
STRG.12567	5	-0.542088888	0.542088888	holo	
STRG.4501	16	0.541276488	0.541276488	para	
STRG.12538	12	-0.540933026	0.540933026	para	
STRG.12538	12	-0.540554501	0.540554501	mero	
STRG.13586	2	-0.53821356	0.53821356	holo	
STRG.5888	12	-0.533898886	0.533898886	para	
STRG.3334	4	-0.53339739	0.53339739	holo	
STRG.7611	3	-0.53048536	0.53048536	holo	
STRG.1659	30	0.53043001	0.53043001	para	
STRG.370	5	0.528275831	0.528275831	para	
STRG.2022	5	0.528042339	0.528042339	mero	
STRG.6839	2	-0.526566151	0.526566151	para	
STRG.7006	13	-0.526566151	0.526566151	para	
STRG.4990	39	0.525678571	0.525678571	holo	
STRG.4902	7	0.525416541	0.525416541	para	
STRG.5086	20	-0.523568233	0.523568233	para	
STRG.12756	14	0.521938475	0.521938475	para	
STRG.11793	2	0.521542549	0.521542549	holo	
STRG.6951	6	0.519416592	0.519416592	holo	
STRG.13187	12	-0.518854965	0.518854965	holo	
STRG.13346	13	-0.518854965	0.518854965	holo	
STRG.5962	8	0.517265622	0.517265622	holo	
STRG.12299	8	-0.516983516	0.516983516	holo	
STRG.12702	3	-0.516983516	0.516983516	holo	
STRG.13020	9	-0.51383235	0.51383235	mero	
STRG.711	13	0.513413747	0.513413747	para	
STRG.4096	12	-0.513101859	0.513101859	para	
STRG.4145	4	-0.513101859	0.513101859	para	
STRG.4145	4	0.511333333	0.511333333	holo	
STRG.1685	6	-0.509882633	0.509882633	holo	
STRG.1708	138	-0.509882633	0.509882633	holo	
STRG.7370	2	-0.508946964	0.508946964	para	
STRG.6574	3	-0.508799851	0.508799851	mero	
STRG.3766	2	-0.507669662	0.507669662	holo	
STRG.3766	2	-0.507669662	0.507669662	holo	
STRG.2788	6	-0.50747767	0.50747767	holo	
STRG.2918	36	-0.50747767	0.50747767	holo	
STRG.1399	30	0.506381678	0.506381678	para	
STRG.3526	13	-0.506249995	0.506249995	holo	
STRG.4991	3	0.50618804	0.50618804	para	
STRG.5962	8	0.506169278	0.506169278	holo	
STRG.13395	9	0.505561825	0.505561825	holo	
STRG.12858	4	0.50509393	0.50509393	para	
STRG.2599	3	-0.505040462	0.505040462	holo	
STRG.12499	3	-0.504853526	0.504853526	holo	
STRG.2703	10	-0.503419066	0.503419066	holo	
STRG.6568	1	0.501622031	0.501622031	para	
STRG.8779	3	0.501473699	0.501473699	holo	
STRG.2421	33	-0.501300918	0.501300918	holo	
STRG.12428	17	-0.499459402	0.499459402	mero	
STRG.1686	8	-0.499419454	0.499419454	holo	
STRG.8438	3	0.497410749	0.497410749	holo	
STRG.8825	2	0.497410749	0.497410749	holo	
STRG.506	3	0.496998131	0.496998131	holo	
STRG.12869	6	-0.496623796	0.496623796	holo	
STRG.12499	3	0.495522434	0.495522434	para	
STRG.1593	2	0.49484703	0.49484703	para	
STRG.1638	1	0.49484703	0.49484703	para	
STRG.9093	4	-0.493133926	0.493133926	para	
STRG.9093	4	-0.493133926	0.493133926	para	
STRG.7370	2	-0.492859518	0.492859518	holo	
STRG.1593	2	0.492328075	0.492328075	holo	
STRG.1638	1	0.492328075	0.492328075	holo	
STRG.4763	2	-0.492028972	0.492028972	holo	
STRG.10085	14	-0.491202105	0.491202105	mero	
STRG.11518	27	-0.490012825	0.490012825	para	
STRG.2759	3	-0.489884008	0.489884008	holo	
STRG.9253	59	-0.489677098	0.489677098	para	
STRG.2554	24	-0.489170892	0.489170892	mero	
STRG.10887	23	0.488091084	0.488091084	mero	
STRG.9165	5	-0.48680664	0.48680664	holo	
STRG.11107	39	-0.482454005	0.482454005	holo	
STRG.11136	45	-0.482454005	0.482454005	holo	
STRG.10838	24	0.481871091	0.481871091	holo	
STRG.2759	3	-0.480708343	0.480708343	holo	
STRG.2926	8	-0.480708343	0.480708343	holo	
STRG.2698	16	-0.47677377	0.47677377	holo	
STRG.13310	26	-0.475463621	0.475463621	para	
STRG.2554	24	0.475342037	0.475342037	para	
STRG.1589	22	0.473855584	0.473855584	para	
STRG.2003	34	-0.473662541	0.473662541	para	
STRG.8779	3	0.473434643	0.473434643	holo	
STRG.6162	2	0.472742213	0.472742213	para	
STRG.3489	4	-0.46714056	0.46714056	mero	
STRG.2788	6	-0.464967603	0.464967603	holo	
STRG.2759	3	-0.464638483	0.464638483	holo	
STRG.2022	5	-0.46331844	0.46331844	para	
STRG.3577	25	-0.462744146	0.462744146	holo	
STRG.12869	6	0.462740725	0.462740725	para	
STRG.8854	3	0.457897353	0.457897353	holo	
STRG.3982	9	0.457719136	0.457719136	para	
STRG.3489	4	-0.45594898	0.45594898	holo	
STRG.9669	3	-0.455948099	0.455948099	holo	
STRG.9950	6	-0.455948099	0.455948099	holo	
STRG.12858	4	-0.455401917	0.455401917	holo	
STRG.11895	4	-0.455309482	0.455309482	para	
STRG.8989	4	0.452283228	0.452283228	holo	
STRG.9132	5	0.452283228	0.452283228	holo	
STRG.1543	7	0.451800125	0.451800125	para	
STRG.1546	4	0.451800125	0.451800125	para	
STRG.3334	4	-0.449149327	0.449149327	holo	
STRG.3005	11	-0.447621957	0.447621957	holo	
STRG.3697	7	0.446798456	0.446798456	para	
STRG.10828	38	0.445623155	0.445623155	para	
STRG.3489	4	-0.44408985	0.44408985	holo	
STRG.1593	2	0.444077398	0.444077398	holo	
STRG.10838	24	0.441057392	0.441057392	para	
STRG.3697	7	-0.440427954	0.440427954	holo	
STRG.2292	8	0.439885018	0.439885018	para	
STRG.2554	24	-0.438126478	0.438126478	holo	
STRG.13039	6	0.437389558	0.437389558	para	
STRG.13187	12	0.437389558	0.437389558	para	
STRG.7836	22	-0.437332291	0.437332291	holo	
STRG.7332	5	-0.436601875	0.436601875	holo	
STRG.153	26	0.436380748	0.436380748	holo	
STRG.6630	14	-0.436319299	0.436319299	para	
STRG.12050	15	0.436149271	0.436149271	holo	
STRG.3219	6	-0.435240089	0.435240089	holo	
STRG.5984	32	0.434499759	0.434499759	para	
STRG.5994	46	0.433450179	0.433450179	holo	
STRG.6951	6	-0.430023558	0.430023558	holo	
STRG.11062	39	0.426125542	0.426125542	para	
STRG.8749	15	-0.42557068	0.42557068	para	
STRG.12695	24	-0.425555868	0.425555868	holo	
STRG.12985	7	-0.425555868	0.425555868	holo	
STRG.13207	14	-0.425555868	0.425555868	holo	
STRG.2292	8	0.425372797	0.425372797	mero	
STRG.3864	4	-0.423502933	0.423502933	holo	
STRG.711	13	0.422318533	0.422318533	para	
STRG.638	16	-0.419590095	0.419590095	holo	
STRG.3575	19	0.418386226	0.418386226	para	
STRG.7474	62	-0.417514933	0.417514933	holo	
STRG.870	5	0.416813265	0.416813265	holo	
STRG.2703	10	-0.416183933	0.416183933	holo	
STRG.2769	11	-0.416183933	0.416183933	holo	
STRG.2703	10	-0.415922648	0.415922648	holo	
STRG.6951	6	-0.415237077	0.415237077	holo	
STRG.7393	8	-0.415237077	0.415237077	holo	
STRG.7907	2	0.41181251	0.41181251	holo	
STRG.9149	4	0.409956989	0.409956989	holo	
STRG.10389	2	-0.408751571	0.408751571	holo	
STRG.1399	30	0.406450078	0.406450078	holo	
STRG.13020	9	-0.406003125	0.406003125	holo	
STRG.10157	1	-0.405874466	0.405874466	holo	
STRG.2703	10	0.404513847	0.404513847	para	
STRG.2769	11	0.404513847	0.404513847	para	
STRG.2088	13	0.403521808	0.403521808	para	
STRG.5861	2	-0.39923561	0.39923561	holo	
STRG.13310	26	-0.397939294	0.397939294	para	
STRG.13667	2	-0.397939294	0.397939294	para	
STRG.13693	12	-0.397939294	0.397939294	para	
STRG.3979	24	-0.396530492	0.396530492	holo	
STRG.3176	3	-0.394654577	0.394654577	holo	
STRG.10157	1	0.392360394	0.392360394	para	
STRG.13109	3	0.387236223	0.387236223	para	
STRG.1848	29	0.385653483	0.385653483	para	
STRG.12755	3	0.385581168	0.385581168	para	
STRG.8802	38	-0.385544975	0.385544975	para	
STRG.3580	2	-0.383266893	0.383266893	holo	
STRG.6574	3	-0.381050032	0.381050032	holo	
STRG.12756	14	0.380053625	0.380053625	holo	
STRG.12822	7	0.380053625	0.380053625	holo	
STRG.13111	32	-0.380034074	0.380034074	holo	
STRG.2292	8	-0.377762502	0.377762502	holo	
STRG.6162	2	0.377141917	0.377141917	holo	
STRG.3697	7	-0.376647483	0.376647483	holo	
STRG.870	5	0.374672938	0.374672938	para	
STRG.5984	32	-0.374187259	0.374187259	holo	
STRG.7332	5	-0.372666866	0.372666866	para	
STRG.11855	17	-0.37263134	0.37263134	holo	
STRG.12858	4	-0.372218317	0.372218317	holo	
STRG.1638	1	-0.371959065	0.371959065	holo	
STRG.1658	4	-0.371959065	0.371959065	holo	
STRG.13214	5	0.37164927	0.37164927	para	
STRG.193	8	0.369327698	0.369327698	para	
STRG.5268	3	0.368348715	0.368348715	para	
STRG.2974	9	-0.367636591	0.367636591	holo	
STRG.5895	7	-0.366788044	0.366788044	holo	
STRG.4956	4	-0.365526079	0.365526079	para	
STRG.1455	2	-0.36292374	0.36292374	para	
STRG.2932	2	-0.362796289	0.362796289	holo	
STRG.4902	7	0.355926624	0.355926624	para	
STRG.13395	9	-0.35568809	0.35568809	holo	
STRG.2421	33	0.354832168	0.354832168	para	
STRG.10389	2	0.353637936	0.353637936	para	
STRG.12921	3	0.35046228	0.35046228	para	
STRG.9193	28	-0.348873832	0.348873832	para	
STRG.13270	26	-0.348590187	0.348590187	holo	
STRG.3180	4	-0.34753357	0.34753357	holo	
STRG.12181	2	0.346460751	0.346460751	holo	
STRG.4956	4	-0.34644227	0.34644227	holo	
STRG.4551	6	-0.346236879	0.346236879	holo	
STRG.10316	7	0.340644335	0.340644335	para	
STRG.10773	5	0.340482875	0.340482875	para	
STRG.8313	15	0.340046548	0.340046548	holo	
STRG.8860	3	0.340046548	0.340046548	holo	
STRG.10838	24	-0.336642513	0.336642513	holo	
STRG.12299	8	0.336021803	0.336021803	holo	
STRG.2982	8	-0.335208853	0.335208853	holo	
STRG.9165	5	-0.332936663	0.332936663	para	
STRG.9093	4	0.329210224	0.329210224	holo	
STRG.9093	4	0.329210224	0.329210224	holo	
STRG.11683	3	-0.327959083	0.327959083	holo	
STRG.3430	9	-0.325832551	0.325832551	holo	
STRG.7642	2	0.31847361	0.31847361	para	
STRG.5952	3	0.317150625	0.317150625	para	
STRG.8731	3	-0.312682543	0.312682543	para	
STRG.9093	4	-0.312682543	0.312682543	para	
STRG.2420	6	-0.31209164	0.31209164	holo	
STRG.2421	33	-0.31209164	0.31209164	holo	
STRG.3413	1	0.309442312	0.309442312	para	
STRG.12774	31	0.307893869	0.307893869	holo	
STRG.1399	30	0.30631089	0.30631089	para	
STRG.1438	2	0.30631089	0.30631089	para	
STRG.1438	2	0.30631089	0.30631089	para	
STRG.2421	33	-0.306074716	0.306074716	holo	
STRG.1455	2	0.30564273	0.30564273	holo	
STRG.6860	17	0.293009534	0.293009534	para	
STRG.12661	4	-0.272890468	0.272890468	holo	
